"id","type","grammar_id","difficulty","instruction","prompt","answer","options","translation","explanation","ready"
"d01","dialogue","g003","base","Réponds oui à la question.","A：がくせいですか。
B：＿","はい、がくせいです。","いいえ、がくせいじゃありません。|おやすみなさい。|いただきます。","Êtes-vous étudiant ? — Oui, je suis étudiant.","はい confirme la question posée.","true"
"o01","order","g001","base","Assemble « Je suis étudiant ».","Commence par わたしは.","わたしはがくせいです。","です。|わたしは|がくせい","Je suis étudiant.","Le thème わたしは précède がくせいです.","true"
"o03","order","g005","base","Assemble « Ceci est mon livre ».","Commence par これは.","これはわたしのほんです。","ほんです。|これは|わたしの","Ceci est mon livre.","わたしの précise à qui appartient le livre.","true"
"d02","dialogue","g011","base","Indique que les toilettes sont là-bas.","A：トイレはどこですか。
B：＿","あそこです。","さんじです。|せんえんです。|げつようびです。","Où sont les toilettes ? — Là-bas.","どこ demande un lieu ; あそこ désigne un endroit éloigné.","true"
"c01","conjugation","g018","base","Choisis le passé affirmatif poli.","たべます → ?","たべました","たべません|たべませんでした|たべます","J’ai mangé.","Au passé affirmatif poli, ます devient ました.","true"
"e03","correction","g018","base","Corrige uniquement le verbe pour exprimer un fait passé.","きのう、えいがをみます。","みました","みます|みましょう|みたいです","Hier, j’ai regardé un film.","きのう situe le fait hier : il faut ici le passé みました.","true"
"p01","particle","g017","base","Complète la particule.","ろくじ＿おきます。","に","で|を|と","Je me lève à six heures.","に marque ici une heure précise.","true"
"r01","reading","g017","base","À quelle heure cette personne se lève-t-elle ?","まいあさろくじにおきます。しちじにあさごはんをたべます。","ろくじ","しちじ|はちじ|くじ","Chaque matin, je me lève à six heures. Je prends mon petit-déjeuner à sept heures.","ろくじ se rapporte à おきます ; しちじ se rapporte au petit-déjeuner.","true"
"r03","reading","g018","base","Qu’a fait cette personne hier ?","きのうはほんをよみました。テレビはみませんでした。","ほんをよみました。","テレビをみました。|ほんをかいました。|えいがをみました。","Hier, j’ai lu un livre. Je n’ai pas regardé la télévision.","よみました est affirmatif ; みませんでした est négatif.","true"
"t01","transform","g018","base","Mets le verbe au négatif poli, sans changer le reste.","パンをたべます。","パンをたべません。","パンをたべました。|パンをたべます。|パンをたべましょう。","Je ne mange pas de pain.","ます devient ません au négatif non passé poli.","true"
"t02","transform","g018","base","Mets le verbe au passé affirmatif poli.","がっこうへいきます。","がっこうへいきました。","がっこうへいきません。|がっこうへいきます。|がっこうへいきませんでした。","Je suis allé à l’école.","ました exprime le passé affirmatif poli.","true"
"r02","reading","g020","base","Quel moyen de transport utilise cette personne ?","がっこうへでんしゃでいきます。えきからがっこうまであるきます。","でんしゃ","バス|タクシー|じてんしゃ","Je vais à l’école en train. Je marche de la gare à l’école.","Le trajet en train est indiqué par でんしゃで.","true"
"v03","vocabulary","g020","base","Complète : « Je vais à l’école en train ».","＿でがっこうへいきます。","でんしゃ","じしょ|えんぴつ|とけい","Je vais à l’école en train.","でんしゃ signifie « train ». で indique le moyen de transport.","true"
"d03","dialogue","g025","base","Accepte l’invitation.","A：いっしょにえいがをみませんか。
B：＿","ええ、みましょう。","すみません、きょうはちょっと…。|いいえ、みません。|えいがはみたくないです。","Voulez-vous voir un film ensemble ? — Oui, allons le voir.","ましょう permet de reprendre positivement la proposition.","true"
"e01","correction","g023","base","Remplace が pour dire « Je bois de l’eau ».","みずがのみます。","を","に|で|と","みずをのみます。 — Je bois de l’eau.","Le complément direct de のみます est marqué par を.","true"
"e02","correction","g024","base","Remplace に pour dire « J’étudie à la bibliothèque ».","としょかんにべんきょうします。","で","を|と|の","としょかんでべんきょうします。 — J’étudie à la bibliothèque.","Le lieu de l’action べんきょうします est marqué par で.","true"
"o02","order","g023","base","Assemble « Je bois de l’eau ».","Commence par わたしは.","わたしはみずをのみます。","のみます。|みずを|わたしは","Je bois de l’eau.","Place le thème, puis le complément en を, puis le verbe.","true"
"p02","particle","g023","base","Complète pour dire « Je bois de l’eau ».","みず＿のみます。","を","に|で|と","Je bois de l’eau.","を marque ce que l’on boit, le complément du verbe.","true"
"p03","particle","g024","base","Indique le lieu où l’on étudie.","としょかん＿べんきょうします。","で","を|に|と","J’étudie à la bibliothèque.","で indique le lieu de cette action.","true"
"v01","vocabulary","g023","base","Complète : « Je bois de l’eau ».","＿をのみます。","みず","ほん|くつ|つくえ","Je bois de l’eau.","みず signifie « eau ». La traduction précise le mot attendu.","true"
"v02","vocabulary","g023","base","Complète : « Je lis un livre ».","＿をよみます。","ほん","パン|みず|いす","Je lis un livre.","ほん signifie « livre » et よみます signifie « lire ».","true"
"t03","transform","g050","base","Mets l’adjectif au passé affirmatif poli.","このほんはおもしろいです。","このほんはおもしろかったです。","このほんはおもしろいでした。|このほんはおもしろくないです。|このほんはおもしろいです。","Ce livre était intéressant.","Pour un adjectif en い, retire い et ajoute かったです.","true"
"c02","conjugation","g059","base","Choisis la forme en て de たべます.","たべます → ?","たべて","たべって|たべんで|たべた","manger → forme en て","たべる est un verbe du groupe 2 : る devient て.","true"
"c03","conjugation","g059","base","Choisis la forme en て de のみます.","のみます → ?","のんで","のみて|のって|のんだ","boire → forme en て","Pour のむ, la terminaison む devient んで.","true"
"g01","grammar","g060","base","Exprime une permission.","ここでしゃしんを＿。","とってもいいです","とってはいけません|とりませんでした|とりたくないです","On peut prendre des photos ici.","La forme en て + もいいです exprime une permission.","true"
"g02","grammar","g061","base","Exprime une interdiction.","ここでたばこを＿。","すってはいけません","すってもいいです|すいたいです|すっています","Il est interdit de fumer ici.","La forme en て + はいけません exprime une interdiction.","true"
"d05","dialogue","g069","practice","Choisis la réponse qui dispense de venir demain, sans l’interdire.","A：あしたもこなければなりませんか。
B：いいえ、＿。","こなくてもいいです","きてはいけません|こなければなりません|きてもいいです","Dois-je venir demain aussi ? — Non, ce n’est pas nécessaire.","なくてもいい exprime l’absence d’obligation. てはいけません interdirait de venir ; てもいい accorderait une permission sans répondre précisément à l’obligation.","true"
"e05","correction","g073","practice","Remplace uniquement ねた pour exprimer « avant de dormir ».","きのう、ねたまえにほんをよみました。","ねる","ねて|ねます|ねない","Hier, j’ai lu un livre avant de dormir.","Devant まえに, on emploie la forme dictionnaire ねる même si l’ensemble du récit est au passé.","true"
"c05","conjugation","g075","practice","Choisis les deux formes pour énumérer des activités du dimanche.","にちようびはほんを＿、えいがを＿します。","よんだり／みたり","よみたり／みたり|よんだり／みってり|よんで／みて","Le dimanche, je fais entre autres de la lecture et je regarde des films.","たり se construit sur la forme en た : よむ → よんだ → よんだり ; みる → みた → みたり. Le dernier します porte le temps de l’ensemble.","true"
"p04","particle","g079","base","Complète la particule de citation.","あしたはあめだ＿おもいます。","と","を|で|に","Je pense qu’il pleuvra demain.","と introduit le contenu de la pensée avant おもいます.","true"
"o05","order","g084","practice","Assemble : « Je lis le livre que j’ai acheté hier ».","Place la proposition relative avant ほんを.","きのうかったほんをよみます。","ほんを|よみます。|きのう|かった","Je lis le livre que j’ai acheté hier.","きのうかった décrit ほん et se place avant lui. よみます termine la proposition principale.","true"
"t05","transform","g082","practice","Réunis les deux phrases en gardant « Ceci est la photo… ».","ちちがしゃしんをとりました。そのしゃしんはこれです。","これはちちがとったしゃしんです。","これはちちがとりますしゃしんです。|これはしゃしんがとったちちです。|これはちちをとったしゃしんです。","Ceci est la photo prise par mon père.","La relative ちちがとった précède しゃしん. Elle emploie le passé neutre とった ; が conserve le père comme auteur de la photo.","true"
"r05","reading","g086","practice","Quand le sac a-t-il été acheté par rapport au voyage ?","にほんへいくとき、かばんをかいました。にほんではしゃしんをたくさんとりました。かえってから、そのしゃしんをかぞくにみせました。","にほんへいくまえです。","にほんからかえってからです。|しゃしんをかぞくにみせたあとです。|にほんでしゃしんをとっているときです。","J’ai acheté un sac au moment de partir au Japon. Là-bas, j’ai pris beaucoup de photos. À mon retour, je les ai montrées à ma famille.","いくとき présente le départ comme non encore accompli au moment de l’achat. Les photos et leur présentation se situent ensuite.","true"
"p05","particle","g092","practice","Choisis les deux particules, dans l’ordre des trous.","わたしはせんせい＿にほんご＿おしえてもらいました。","に／を","が／を|を／に|に／が","Le professeur m’a enseigné le japonais.","Avec てもらう, le bénéficiaire est le sujet et la personne qui rend le service est marquée par に. にほんご est le complément de おしえる, marqué par を.","true"
"g05","grammar","g096","practice","Complète pour dire que la pluie ne changera pas la décision de sortir.","あしたはあめが＿、でかけます。","ふっても","ふったら|ふるので|ふるまえに","Même s’il pleut demain, je sortirai.","ても exprime la concession. たら pose une condition, ので une cause et まえに situe l’action avant la pluie.","true"
"d04","dialogue","g098","base","Accepte poliment de regarder la lettre.","A：このてがみをみていただけませんか。
B：＿","ええ、いいですよ。","すみません、いまはできません。|いいえ、みません。|おやすみなさい。","Pourriez-vous regarder cette lettre ? — Oui, bien sûr.","いいですよ accepte la demande ; les deux premières alternatives la refusent.","true"
"d06","dialogue","g099","practice","Choisis la réponse qui indique comment aller à la gare.","A：えきへいきたいんですが、どういったらいいですか。
B：＿","このバスにのって、ふたつめでおりてください。","えきへいったことがあります。|えきへいきたいです。|えきへいかなければなりません。","Je voudrais aller à la gare. Comment faire ? — Prenez ce bus et descendez au deuxième arrêt.","どういったらいいですか demande un itinéraire. Une expérience, un souhait ou une obligation ne donne pas le trajet demandé.","true"
"c04","conjugation","g100","base","Choisis la forme potentielle polie : « pouvoir parler ».","はなします → ?","はなせます","はなします|はなしました|はなしません","Je peux parler.","はなす devient はなせる au potentiel, puis はなせます à la forme polie.","true"
"p07","particle","g103","practice","Complète sans changer la fin de la phrase.","せんえんのほんをかいたいですが、さいふにはごひゃくえん＿ありません。","しか","だけ|まで|も","Je voudrais acheter un livre à mille yens, mais je n’ai que cinq cents yens dans mon portefeuille.","しか accompagne la négation pour exprimer une quantité insuffisante : ごひゃくえんしかありません. だけ s’emploierait ici avec あります.","true"
"r04","reading","g100","base","Que sait faire cette personne maintenant ?","まえはにほんごがはなせませんでした。いまはすこしはなせます。","にほんごがすこしはなせます。","にほんごがはなせません。|にほんごがぜんぶわかります。|にほんごでほんがかけます。","Avant, je ne pouvais pas parler japonais. Maintenant, je peux le parler un peu.","いま introduit la capacité actuelle. Le texte ne parle ni d’écriture ni de compréhension totale.","true"
"t04","transform","g100","base","Exprime la capacité : « Je peux parler japonais ».","にほんごをはなします。","にほんごがはなせます。","にほんごをはなしました。|にほんごをはなしません。|にほんごをはなしたいです。","Je peux parler japonais.","はなせます est la forme potentielle. が peut marquer ce que l’on sait parler.","true"
"e04","correction","g106","base","Corrige きくながら.","おんがくをきくながらべんきょうします。","ききながら","きいてながら|きいたながら|きかないながら","J’étudie en écoutant de la musique.","ながら suit la base de la forme en ます : ききます → ききながら.","true"
"g03","grammar","g106","base","Exprime deux actions simultanées : étudier en écoutant.","おんがくを＿、べんきょうします。","ききながら","きいたあとで|きくまえに|きかないで","J’étudie en écoutant de la musique.","ながら relie deux actions simultanées faites par la même personne.","true"
"o04","order","g106","base","Assemble « J’étudie en écoutant de la musique ».","Place l’action en ながら avant l’action principale.","おんがくをききながらべんきょうします。","べんきょうします。|ききながら|おんがくを","J’étudie en écoutant de la musique.","おんがくをききながら décrit l’action simultanée.","true"
"g06","grammar","g114","practice","Exprime précisément une préparation faite à l’avance pour le voyage.","りょこうのまえに、きっぷを＿。","かっておきます","かってしまいます|かってみます|かってきます","J’achète mon billet à l’avance avant le voyage.","ておく marque la préparation. てしまう marque l’achèvement ou le regret, てみる un essai et てくる ici un aller-retour.","true"
"v05","vocabulary","g114","practice","Choisis le mot qui désigne le titre de transport à acheter.","らいしゅう、でんしゃでりょこうします。えきで＿をかっておきます。","きっぷ","きって|ちず|ざっし","La semaine prochaine, je pars en voyage en train. J’achète mon billet à la gare à l’avance.","きっぷ désigne un billet de transport, きって un timbre, ちず une carte et ざっし un magazine. Le contexte du train et de la préparation vise le billet.","true"
"d07","dialogue","g118","practice","Réponds que le repas n’a pas encore été pris, mais qu’il va l’être.","A：もうひるごはんをたべましたか。
B：＿。これからたべます。","いいえ、まだたべていません","はい、もうたべました|いいえ、たべたことがありません|はい、たべているところです","As-tu déjà déjeuné ? — Non, pas encore. Je vais manger maintenant.","まだ～ていません décrit une action non encore accomplie. たことがありません nierait toute expérience de cette action.","true"
"o06","order","g119","practice","Assemble : « Après mon diplôme universitaire, j’ai l’intention de rentrer dans mon pays ».","Commence par だいがくを.","だいがくをそつぎょうしたら、きこくするつもりです。","つもりです。|そつぎょうしたら、|だいがくを|きこくする","Après mon diplôme universitaire, j’ai l’intention de rentrer dans mon pays.","したら présente la condition préalable. きこくする reste à la forme dictionnaire devant つもりです.","true"
"r06","reading","g120","practice","À quelle heure faut-il venir demain ?","あしたのかいぎはさんじにはじまるよていでした。でも、せんせいのつごうで、よじからになりました。じゅっぷんまえにきてください。","さんじごじゅっぷん","にじごじゅっぷん|さんじじゅっぷん|よじじゅっぷん","La réunion était prévue à quinze heures, mais elle commencera à seize heures en raison des disponibilités du professeur. Venez dix minutes avant.","Le nouvel horaire est seize heures. Dix minutes avant donne quinze heures cinquante ; quinze heures était l’ancien horaire.","true"
"t07","transform","g133","practice","Réunis les phrases pour exprimer « aller travailler sans prendre de petit-déjeuner ».","あさごはんをたべませんでした。かいしゃへいきました。","あさごはんをたべないでかいしゃへいきました。","あさごはんをたべてからかいしゃへいきました。|あさごはんをたべたあとでかいしゃへいきました。|あさごはんをたべながらかいしゃへいきました。","Je suis allé travailler sans prendre de petit-déjeuner.","ないで exprime l’action non faite qui accompagne la seconde. てから et たあとで diraient que le repas a été pris avant le départ.","true"
"c06","conjugation","g134","practice","Complète avec la forme conditionnelle en ば.","このボタンを＿、きっぷがでます。","おせば","おすば|おしたば|おしてば","Si l’on appuie sur ce bouton, le billet sort.","Pour おす, la terminaison す devient せば : おせば. おしたら serait une autre construction, absente des choix.","true"
"r07","reading","g137","practice","Pourquoi cette personne prend-elle des notes ?","あしたのしゅくだいをわすれないように、ノートにかきました。それから、ともだちにノートをみせました。ともだちもしゅくだいをかきました。","しゅくだいをわすれないためです。","ともだちにノートをあげるためです。|しゅくだいがもうおわったからです。|あしたやすむつもりだからです。","J’ai noté le devoir de demain pour ne pas l’oublier. Ensuite, j’ai montré mon cahier à un ami, qui a aussi noté le devoir.","わすれないように indique le but : éviter l’oubli. Le texte ne dit pas que le cahier a été donné, que le devoir est fini ou que la personne sera absente.","true"
"t08","transform","g138","practice","Exprime le changement de capacité en une seule phrase.","まえはにほんごがはなせませんでした。いまははなせます。","にほんごがはなせるようになりました。","にほんごがはなせるようにしています。|にほんごがはなせるつもりです。|にほんごがはなせなくなりました。","Je suis maintenant capable de parler japonais.","ようになりました marque l’acquisition de la capacité. ようにしています exprime un effort ou une habitude, et はなせなくなりました une perte de capacité.","true"
"c07","conjugation","g140","practice","Complète au passif passé poli.","わたしはせんせいに＿。〔ほめる〕","ほめられました","ほめました|ほめさせました|ほめられます","J’ai été félicité par le professeur.","ほめる devient ほめられる au passif, puis ほめられました au passé poli. ほめさせました est causatif, et ほめられます n’est pas au passé.","true"
"p06","particle","g141","practice","Choisis les deux particules pour dire que mon frère a cassé mon appareil photo.","わたしはおとうと＿カメラ＿こわされました。","に／を","を／に|が／を|に／が","Mon petit frère a cassé mon appareil photo, ce qui m’a causé du tort.","Dans ce passif de désagrément, わたし est la personne affectée, おとうとに désigne l’auteur et カメラを reste l’objet de l’action.","true"
"t06","transform","g140","practice","Mets la phrase au passif en commençant par わたしは.","せんせいがわたしをほめました。","わたしはせんせいにほめられました。","わたしはせんせいをほめました。|わたしはせんせいにほめさせました。|わたしはせんせいがほめました。","J’ai été félicité par le professeur.","Au passif, la personne félicitée devient le thème et l’auteur prend に. ほめる devient ほめられる, sans changer le passé.","true"
"v06","vocabulary","g146","practice","Complète le mot qui désigne le travail scolaire à rendre.","せんせいに「＿をだしてください」といわれました。でも、うちにわすれてきました。","しゅくだい","しゅっちょう|しゅっせき|しゅみ","Le professeur m’a demandé de rendre mon devoir. Mais je l’ai oublié à la maison.","しゅくだい signifie devoir scolaire. しゅっちょう est un déplacement professionnel, しゅっせき la présence et しゅみ un loisir.","true"
"e06","correction","g150","practice","Corrige uniquement しずかので.","このへやはしずかので、ここでべんきょうします。","しずかなので","しずかだので|しずかくので|しずかのので","Comme cette pièce est calme, j’étudie ici.","Un adjectif en な prend な devant ので : しずかなので. Ce n’est pas un adjectif en い.","true"
"p08","particle","g151","practice","Complète la question intégrée dans la phrase.","かいぎがなんじにはじまる＿しっていますか。","か","を|が|と","Savez-vous à quelle heure la réunion commence ?","La question なんじにはじまる est intégrée avec か. On n’ajoute pas ですか à l’intérieur de la proposition.","true"
"o07","order","g157","practice","Assemble : « J’étudie le japonais pour travailler au Japon ».","Place le but en premier, en commençant par にほんで.","にほんではたらくために、にほんごをべんきょうしています。","にほんごを|ために、|にほんで|べんきょうしています。|はたらく","J’étudie le japonais pour travailler au Japon.","はたらくために exprime le but volontaire ; にほんごをべんきょうしています décrit l’action faite dans ce but.","true"
"v07","vocabulary","g158","practice","Choisis l’objet adapté à l’usage décrit.","この＿はかみをきるのにつかいます。","はさみ","のり|けしゴム|ホッチキス","Ces ciseaux servent à couper du papier.","はさみ : ciseaux. のり sert à coller, けしゴム à effacer et ホッチキス à agrafer. のに indique ici l’usage, pas une opposition.","true"
"g08","grammar","g160","practice","Tu observes le ciel, sans citer de prévision : complète la forme d’apparence.","くろいくもがたくさんあります。もうすぐあめが＿そうです。","ふり","ふる|ふった|ふっている","Il y a beaucoup de nuages noirs. On dirait qu’il va bientôt pleuvoir.","L’apparence se construit sur la base en ます : ふります → ふりそうです. ふるそうです rapporte une information entendue ou lue.","true"
"e08","correction","g163","practice","Corrige seulement かくやすい.","このペンはかくやすいです。","かきやすい","かいてやすい|かいたやすい|かかないやすい","Ce stylo permet d’écrire facilement.","やすい s’ajoute à la base en ます : かきます → かきやすい. La forme dictionnaire かく ne convient pas.","true"
"v04","vocabulary","g163","base","Complète : « Ce stylo est facile à utiliser ».","この＿はつかいやすいです。","ペン","ねこ|あめ|やすみ","Ce stylo est facile à utiliser.","ペン signifie « stylo ». つかいやすい signifie « facile à utiliser ».","true"
"g07","grammar","g166","practice","Complète pour exprimer un résultat contraire à celui attendu.","くすりをのんだ＿、まだよくなりません。","のに","ので|あとで|とおりに","Bien que j’aie pris le médicament, mon état ne s’améliore toujours pas.","のに oppose le résultat réel à l’amélioration attendue. ので introduirait une cause, pas cette déception.","true"
"v08","vocabulary","g165","practice","Complète avec l’événement qui justifie cette consigne.","＿のばあいは、エレベーターをつかわないで、かいだんでそとへでてください。","かじ","かいぎ|やすみ|しけん","En cas d’incendie, n’utilisez pas l’ascenseur ; sortez par les escaliers.","かじ signifie incendie. Les autres choix désignent une réunion, un repos et un examen. La consigne d’évacuation précise le contexte.","true"
"g04","grammar","g168","base","Exprime une action qui vient de se terminer.","さっきごはんを＿。","たべたばかりです","たべるところです|たべたいです|たべません","Je viens de manger.","た + ばかりです exprime une action récente du point de vue du locuteur.","true"
"e07","correction","g170","practice","Corrige あめそうです pour rapporter ce que dit la météo.","てんきよほうによると、あしたはあめそうです。","あめだそうです","あめなそうです|あめにそうです|あめでそうです","Selon la météo, il pleuvra demain.","Avec un nom et le ouï-dire, on garde だ : あめだそうです. La construction ne se forme pas comme l’apparence d’un verbe.","true"
"o08","order","g170","practice","Assemble l’information annoncée par la météo.","Commence par てんきよほうによると、 puis place あしたは.","てんきよほうによると、あしたはあめだそうです。","そうです。|あめだ|てんきよほうによると、|あしたは","Selon les prévisions météo, il pleuvra demain.","L’information rapportée se construit avec la forme neutre : あめだ + そうです. あめそうです n’est pas la construction attendue.","true"
"r08","reading","g171","practice","Quelle conclusion reste une supposition, et non un fait directement observé ?","たなかさんのへやはくらいです。ドアをノックしましたが、へんじがありません。たなかさんはもうねたようです。","たなかさんはもうねました。","へやはくらいです。|へんじがありませんでした。|ドアをノックしました。","La chambre de Tanaka est sombre. J’ai frappé, mais personne n’a répondu. Il semble que Tanaka se soit déjà couché.","ようです marque la déduction à partir des indices. La personne a observé l’obscurité et l’absence de réponse, mais n’a pas vu Tanaka dormir.","true"
"c08","conjugation","g172","practice","Le professeur a fait écrire une rédaction : choisis la forme causative passée.","せんせいはがくせいにさくぶんを＿。〔かく〕","かかせました","かかれました|かけました|かきました","Le professeur a fait écrire une rédaction aux étudiants.","Le causatif de かく est かかせる. かかれる est passif, かける potentiel et かきました le passé actif.","true"
"d08","dialogue","g173","practice","Demande à ton supérieur l’autorisation de partir plus tôt, très poliment.","A：こどもがびょうきなんです。＿。
B：ええ、いいですよ。","はやくかえらせていただけませんか","はやくかえっていただけませんか|はやくかえってくださいませんか|はやくかえらないでください","Mon enfant est malade. Pourrais-je partir plus tôt ? — Oui, bien sûr.","かえらせていただけませんか demande qu’on autorise le locuteur à partir. かえっていただけませんか demanderait à l’interlocuteur de partir.","true"
